alter table jurisprudencia.assunto add cod_assunto_pai varchar2(9);
alter table jurisprudencia.assunto add constraint fk_assunto_assu foreign key (cod_assunto_pai) references jurisprudencia.assunto(cod_assunto);
alter table jurisprudencia.assunto drop constraint UK_ASSU_DSC_ASSUNTO;
alter table jurisprudencia.assunto add constraint UK_ASSU_DSC_ASSUNTO  unique (dsc_assunto,cod_assunto_pai);

delete jurisprudencia.tese_assunto;
delete jurisprudencia.tese;
delete jurisprudencia.assunto;

Insert into JURISPRUDENCIA.ASSUNTO (COD_ASSUNTO,DSC_ASSUNTO,COD_ASSUNTO_PAI) values ('001000000','ADVOGADO',null);
Insert into JURISPRUDENCIA.ASSUNTO (COD_ASSUNTO,DSC_ASSUNTO,COD_ASSUNTO_PAI) values ('001001000','DATIVO','001000000');
Insert into JURISPRUDENCIA.ASSUNTO (COD_ASSUNTO,DSC_ASSUNTO,COD_ASSUNTO_PAI) values ('001001001','NOMEAÇÃO','001001000');
Insert into JURISPRUDENCIA.ASSUNTO (COD_ASSUNTO,DSC_ASSUNTO,COD_ASSUNTO_PAI) values ('001001002','HONORÁRIOS','001001000');
Insert into JURISPRUDENCIA.ASSUNTO (COD_ASSUNTO,DSC_ASSUNTO,COD_ASSUNTO_PAI) values ('001001003','HONORÁRIOS - RÉU POBRE - RESPONSABILIDADE DO ESTADO','001001000');
Insert into JURISPRUDENCIA.ASSUNTO (COD_ASSUNTO,DSC_ASSUNTO,COD_ASSUNTO_PAI) values ('001001004','NOMEAÇÃO - INDICAÇÃO DA OAB','001001000');
Insert into JURISPRUDENCIA.ASSUNTO (COD_ASSUNTO,DSC_ASSUNTO,COD_ASSUNTO_PAI) values ('001001005','INSTRUMENTO DE MANDATO','001001000');
Insert into JURISPRUDENCIA.ASSUNTO (COD_ASSUNTO,DSC_ASSUNTO,COD_ASSUNTO_PAI) values ('001003000','HONORÁRIOS','001000000');
Insert into JURISPRUDENCIA.ASSUNTO (COD_ASSUNTO,DSC_ASSUNTO,COD_ASSUNTO_PAI) values ('001003003','CONTRATO - EXECUÇÃO','001003000');
Insert into JURISPRUDENCIA.ASSUNTO (COD_ASSUNTO,DSC_ASSUNTO,COD_ASSUNTO_PAI) values ('001003004','AÇÃO ACIDENTÁRIA - COBRANÇA DA AUTARQUIA','001003000');
Insert into JURISPRUDENCIA.ASSUNTO (COD_ASSUNTO,DSC_ASSUNTO,COD_ASSUNTO_PAI) values ('001003005','FIXAÇÃO','001003000');
Insert into JURISPRUDENCIA.ASSUNTO (COD_ASSUNTO,DSC_ASSUNTO,COD_ASSUNTO_PAI) values ('001003006','EXTINÇÃO DO PROCESSO','001003000');
Insert into JURISPRUDENCIA.ASSUNTO (COD_ASSUNTO,DSC_ASSUNTO,COD_ASSUNTO_PAI) values ('001003007','AÇÃO DE DIVISÃO DE IMÓVEL','001003000');
Insert into JURISPRUDENCIA.ASSUNTO (COD_ASSUNTO,DSC_ASSUNTO,COD_ASSUNTO_PAI) values ('001003008','DEFENSOR DATIVO','001003000');
Insert into JURISPRUDENCIA.ASSUNTO (COD_ASSUNTO,DSC_ASSUNTO,COD_ASSUNTO_PAI) values ('001003009','JUSTIÇA DO TRABALHO - CF. ART. 133 - REGULAMENTAÇÃO ','001003000');
Insert into JURISPRUDENCIA.ASSUNTO (COD_ASSUNTO,DSC_ASSUNTO,COD_ASSUNTO_PAI) values ('001003010','PERÍCIA CONTÁBIL','001003000');
Insert into JURISPRUDENCIA.ASSUNTO (COD_ASSUNTO,DSC_ASSUNTO,COD_ASSUNTO_PAI) values ('001003011','JUROS','001003000');
Insert into JURISPRUDENCIA.ASSUNTO (COD_ASSUNTO,DSC_ASSUNTO,COD_ASSUNTO_PAI) values ('001003012','COBRANÇA','001003000');
Insert into JURISPRUDENCIA.ASSUNTO (COD_ASSUNTO,DSC_ASSUNTO,COD_ASSUNTO_PAI) values ('001003013','EMBARGOS À EXECUÇÃO','001003000');
Insert into JURISPRUDENCIA.ASSUNTO (COD_ASSUNTO,DSC_ASSUNTO,COD_ASSUNTO_PAI) values ('001003014','CONTRATO - RESCISÃO DE MANDATO - FIXAÇÃO POR ARBITRAMENTO','001003000');
Insert into JURISPRUDENCIA.ASSUNTO (COD_ASSUNTO,DSC_ASSUNTO,COD_ASSUNTO_PAI) values ('001003015','LIQUIDAÇÃO EXTRAJUDICIAL - CARÊNCIA DA AÇÃO','001003000');
Insert into JURISPRUDENCIA.ASSUNTO (COD_ASSUNTO,DSC_ASSUNTO,COD_ASSUNTO_PAI) values ('001003016','CONTRATO - REVOGAÇÃO - FIXAÇÃO PELO PERITO JUDICIAL','001003000');
Insert into JURISPRUDENCIA.ASSUNTO (COD_ASSUNTO,DSC_ASSUNTO,COD_ASSUNTO_PAI) values ('001003017','AÇÃO PREVIDENCIÁRIA - PRESTAÇÕES VINCENDAS','001003000');
Insert into JURISPRUDENCIA.ASSUNTO (COD_ASSUNTO,DSC_ASSUNTO,COD_ASSUNTO_PAI) values ('001003018','CONTRATO - REVOGAÇÃO','001003000');
Insert into JURISPRUDENCIA.ASSUNTO (COD_ASSUNTO,DSC_ASSUNTO,COD_ASSUNTO_PAI) values ('001003019','EMPRESA PÚBLICA - AÇÃO TRABALHISTA','001003000');
Insert into JURISPRUDENCIA.ASSUNTO (COD_ASSUNTO,DSC_ASSUNTO,COD_ASSUNTO_PAI) values ('001003020','RENÚNCIA DO MANDATO','001003000');
Insert into JURISPRUDENCIA.ASSUNTO (COD_ASSUNTO,DSC_ASSUNTO,COD_ASSUNTO_PAI) values ('001003021','CONTRATO - RESCISÃO - DANO MORAL E MATERIAL - INDENIZAÇÃO','001003000');
Insert into JURISPRUDENCIA.ASSUNTO (COD_ASSUNTO,DSC_ASSUNTO,COD_ASSUNTO_PAI) values ('001003022','ARBITRAMENTO - LEGITIMIDADE ATIVA','001003000');
Insert into JURISPRUDENCIA.ASSUNTO (COD_ASSUNTO,DSC_ASSUNTO,COD_ASSUNTO_PAI) values ('001003023','COBRANÇA - EXCLUSÃO - PARTE ILEGÍTIMA','001003000');
Insert into JURISPRUDENCIA.ASSUNTO (COD_ASSUNTO,DSC_ASSUNTO,COD_ASSUNTO_PAI) values ('001003024','ARBITRAMENTO ANTECIPADO - EXECUÇÃO DE SENTENÇA','001003000');
Insert into JURISPRUDENCIA.ASSUNTO (COD_ASSUNTO,DSC_ASSUNTO,COD_ASSUNTO_PAI) values ('001003025','AÇÃO DE CONSIGNAÇÃO EM PAGAMENTO - VALOR - DEDUÇÃO','001003000');
Insert into JURISPRUDENCIA.ASSUNTO (COD_ASSUNTO,DSC_ASSUNTO,COD_ASSUNTO_PAI) values ('001003026','RENÚNCIA - GRATUIDADE DE JUSTIÇA','001003000');
Insert into JURISPRUDENCIA.ASSUNTO (COD_ASSUNTO,DSC_ASSUNTO,COD_ASSUNTO_PAI) values ('001003027','COBRANÇA - SERVIÇOS PRESTADOS À DEFENSORIA PÚBLICA','001003000');
Insert into JURISPRUDENCIA.ASSUNTO (COD_ASSUNTO,DSC_ASSUNTO,COD_ASSUNTO_PAI) values ('001003028','AÇÃO - FGTS - MP 2.164-41 ART. 9º - LEI 8.036/90 ART. 29-C','001003000');
Insert into JURISPRUDENCIA.ASSUNTO (COD_ASSUNTO,DSC_ASSUNTO,COD_ASSUNTO_PAI) values ('001003029','SOCIEDADE DE ECONOMIA MISTA','001003000');
Insert into JURISPRUDENCIA.ASSUNTO (COD_ASSUNTO,DSC_ASSUNTO,COD_ASSUNTO_PAI) values ('001003030','ARBITRAMENTO - MANDATO - RENÚNCIA','001003000');
Insert into JURISPRUDENCIA.ASSUNTO (COD_ASSUNTO,DSC_ASSUNTO,COD_ASSUNTO_PAI) values ('001003031','ARBITRAMENTO','001003000');
Insert into JURISPRUDENCIA.ASSUNTO (COD_ASSUNTO,DSC_ASSUNTO,COD_ASSUNTO_PAI) values ('001003032','CÁLCULO','001003000');
Insert into JURISPRUDENCIA.ASSUNTO (COD_ASSUNTO,DSC_ASSUNTO,COD_ASSUNTO_PAI) values ('001004000','IMUNIDADE JUDICIÁRIA','001000000');
Insert into JURISPRUDENCIA.ASSUNTO (COD_ASSUNTO,DSC_ASSUNTO,COD_ASSUNTO_PAI) values ('001004002','CRIME CONTRA A HONRA','001004000');
Insert into JURISPRUDENCIA.ASSUNTO (COD_ASSUNTO,DSC_ASSUNTO,COD_ASSUNTO_PAI) values ('001005000','INTIMAÇÃO','001000000');
Insert into JURISPRUDENCIA.ASSUNTO (COD_ASSUNTO,DSC_ASSUNTO,COD_ASSUNTO_PAI) values ('001006000','PROCURAÇÃO','001000000');
Insert into JURISPRUDENCIA.ASSUNTO (COD_ASSUNTO,DSC_ASSUNTO,COD_ASSUNTO_PAI) values ('001006001','JUNTADA EXTEMPORÂNEA','001006000');
Insert into JURISPRUDENCIA.ASSUNTO (COD_ASSUNTO,DSC_ASSUNTO,COD_ASSUNTO_PAI) values ('001006002','AUSÊNCIA DO INSTRUMENTO','001006000');
Insert into JURISPRUDENCIA.ASSUNTO (COD_ASSUNTO,DSC_ASSUNTO,COD_ASSUNTO_PAI) values ('001007000','PRESTAÇÃO DE CONTAS','001000000');
Insert into JURISPRUDENCIA.ASSUNTO (COD_ASSUNTO,DSC_ASSUNTO,COD_ASSUNTO_PAI) values ('001007001','CORREÇÃO MONETÁRIA E JUROS','001007000');
Insert into JURISPRUDENCIA.ASSUNTO (COD_ASSUNTO,DSC_ASSUNTO,COD_ASSUNTO_PAI) values ('001007002','LEGITIMIDADE PASSIVA','001007000');
Insert into JURISPRUDENCIA.ASSUNTO (COD_ASSUNTO,DSC_ASSUNTO,COD_ASSUNTO_PAI) values ('001008000','PENALIDADE','001000000');
Insert into JURISPRUDENCIA.ASSUNTO (COD_ASSUNTO,DSC_ASSUNTO,COD_ASSUNTO_PAI) values ('001008001','RETENÇÃO DOS AUTOS - MULTA','001008000');
Insert into JURISPRUDENCIA.ASSUNTO (COD_ASSUNTO,DSC_ASSUNTO,COD_ASSUNTO_PAI) values ('001009000','LICENÇA EX-OFFICIO','001000000');
Insert into JURISPRUDENCIA.ASSUNTO (COD_ASSUNTO,DSC_ASSUNTO,COD_ASSUNTO_PAI) values ('001010000','CAUSA PRÓPRIA','001000000');
Insert into JURISPRUDENCIA.ASSUNTO (COD_ASSUNTO,DSC_ASSUNTO,COD_ASSUNTO_PAI) values ('001010001','RENÚNCIA DE ADVOGADO CONSTITUÍDO','001010000');
Insert into JURISPRUDENCIA.ASSUNTO (COD_ASSUNTO,DSC_ASSUNTO,COD_ASSUNTO_PAI) values ('001011000','CONTRATAÇÃO - ASSISTÊNCIA JUDICIÁRIA GRATUITA','001000000');
Insert into JURISPRUDENCIA.ASSUNTO (COD_ASSUNTO,DSC_ASSUNTO,COD_ASSUNTO_PAI) values ('001011001','CONVÊNIO - ESTADO/MUNICÍPIO - VÍNCULO EMPREGATÍCIO','001011000');
Insert into JURISPRUDENCIA.ASSUNTO (COD_ASSUNTO,DSC_ASSUNTO,COD_ASSUNTO_PAI) values ('001012000','ESTATUTO DA OAB - LEI 8.906/94','001000000');
Insert into JURISPRUDENCIA.ASSUNTO (COD_ASSUNTO,DSC_ASSUNTO,COD_ASSUNTO_PAI) values ('001012001','JORNADA DE TRABALHO - 4 HORAS','001012000');
Insert into JURISPRUDENCIA.ASSUNTO (COD_ASSUNTO,DSC_ASSUNTO,COD_ASSUNTO_PAI) values ('001012002','CONTRIBUIÇÃO SINDICAL - ISENÇÃO - LEI 8.906/94 ART. 47','001012000');
Insert into JURISPRUDENCIA.ASSUNTO (COD_ASSUNTO,DSC_ASSUNTO,COD_ASSUNTO_PAI) values ('001014000','EXERCÍCIO DA PROFISSÃO','001000000');
Insert into JURISPRUDENCIA.ASSUNTO (COD_ASSUNTO,DSC_ASSUNTO,COD_ASSUNTO_PAI) values ('001014001','SUSPENSÃO','001014000');
Insert into JURISPRUDENCIA.ASSUNTO (COD_ASSUNTO,DSC_ASSUNTO,COD_ASSUNTO_PAI) values ('001014002','PROCESSO DISCIPLINAR','001014000');
Insert into JURISPRUDENCIA.ASSUNTO (COD_ASSUNTO,DSC_ASSUNTO,COD_ASSUNTO_PAI) values ('001014003','INSCRIÇÃO NA OAB','001014000');
Insert into JURISPRUDENCIA.ASSUNTO (COD_ASSUNTO,DSC_ASSUNTO,COD_ASSUNTO_PAI) values ('001014004','RESPONSABILIDADE CIVIL','001014000');
Insert into JURISPRUDENCIA.ASSUNTO (COD_ASSUNTO,DSC_ASSUNTO,COD_ASSUNTO_PAI) values ('001014005','VISITA A CLIENTE PRESO - REGULAMENTO','001014000');
Insert into JURISPRUDENCIA.ASSUNTO (COD_ASSUNTO,DSC_ASSUNTO,COD_ASSUNTO_PAI) values ('001014006','IMPEDIMENTO','001014000');
Insert into JURISPRUDENCIA.ASSUNTO (COD_ASSUNTO,DSC_ASSUNTO,COD_ASSUNTO_PAI) values ('001014007','SUSTENTAÇÃO ORAL APÓS O VOTO DO RELATOR - LEI 8.906/94','001014000');
Insert into JURISPRUDENCIA.ASSUNTO (COD_ASSUNTO,DSC_ASSUNTO,COD_ASSUNTO_PAI) values ('001014008','ACESSO AOS AUTOS','001014000');
Insert into JURISPRUDENCIA.ASSUNTO (COD_ASSUNTO,DSC_ASSUNTO,COD_ASSUNTO_PAI) values ('001014009','EMPRESA PÚBLICA E SOCIEDADE DE ECONOMIA MISTA - MP 1.522/97 ART 3º','001014000');
Insert into JURISPRUDENCIA.ASSUNTO (COD_ASSUNTO,DSC_ASSUNTO,COD_ASSUNTO_PAI) values ('001014010','JORNADA DE TRABALHO','001014000');
Insert into JURISPRUDENCIA.ASSUNTO (COD_ASSUNTO,DSC_ASSUNTO,COD_ASSUNTO_PAI) values ('001014011','RESPONSABILIDADE - MULTA - LEI 10.358/01 - CPC ART. 14, V','001014000');
Insert into JURISPRUDENCIA.ASSUNTO (COD_ASSUNTO,DSC_ASSUNTO,COD_ASSUNTO_PAI) values ('001014012','EXPRESSÃO INJURIOSA','001014000');
Insert into JURISPRUDENCIA.ASSUNTO (COD_ASSUNTO,DSC_ASSUNTO,COD_ASSUNTO_PAI) values ('001014013','INSCRIÇÃO NA OAB - REATIVAÇÃO DE NÚMERO','001014000');
Insert into JURISPRUDENCIA.ASSUNTO (COD_ASSUNTO,DSC_ASSUNTO,COD_ASSUNTO_PAI) values ('001014014','JUIZADOS ESPECIAIS CÍVEIS E CRIMINAIS - JUSTIÇA FEDERAL - LEI 10.259/01 ART. 10','001014000');
Insert into JURISPRUDENCIA.ASSUNTO (COD_ASSUNTO,DSC_ASSUNTO,COD_ASSUNTO_PAI) values ('001014015','REVISTA PESSOAL','001014000');
Insert into JURISPRUDENCIA.ASSUNTO (COD_ASSUNTO,DSC_ASSUNTO,COD_ASSUNTO_PAI) values ('001014016','VEDAÇÃO - SERVIDOR - CARREIRA JURÍDICA - MP 1.587-4/97 ART. 24 - LEI 9.651/98','001014000');
Insert into JURISPRUDENCIA.ASSUNTO (COD_ASSUNTO,DSC_ASSUNTO,COD_ASSUNTO_PAI) values ('001014017','VEDAÇÃO - SERVIDOR - CARREIRA JURÍDICA - LEI 9.651/98 ART. 24','001014000');
Insert into JURISPRUDENCIA.ASSUNTO (COD_ASSUNTO,DSC_ASSUNTO,COD_ASSUNTO_PAI) values ('001014018','MEMBRO DO PODER LEGISLATIVO MUNICIPAL','001014000');
Insert into JURISPRUDENCIA.ASSUNTO (COD_ASSUNTO,DSC_ASSUNTO,COD_ASSUNTO_PAI) values ('001014019','CARTEIRA DE IDENTIDADE - RECADASTRAMENTO','001014000');
Insert into JURISPRUDENCIA.ASSUNTO (COD_ASSUNTO,DSC_ASSUNTO,COD_ASSUNTO_PAI) values ('001014020','EMPRESA PÚBLICA E SOCIEDADE DE ECONOMIA MISTA - LEI 9.527/97 ART. 4º','001014000');
Insert into JURISPRUDENCIA.ASSUNTO (COD_ASSUNTO,DSC_ASSUNTO,COD_ASSUNTO_PAI) values ('001014021','DANOS MORAIS - LEI 8.906/94','001014000');
Insert into JURISPRUDENCIA.ASSUNTO (COD_ASSUNTO,DSC_ASSUNTO,COD_ASSUNTO_PAI) values ('001015000','CONTRATO - ACOMPANHAMENTO DE INQUÉRITO POLICIAL','001000000');
Insert into JURISPRUDENCIA.ASSUNTO (COD_ASSUNTO,DSC_ASSUNTO,COD_ASSUNTO_PAI) values ('001015001','ANULAÇÃO','001015000');
Insert into JURISPRUDENCIA.ASSUNTO (COD_ASSUNTO,DSC_ASSUNTO,COD_ASSUNTO_PAI) values ('001016000','INDICAÇÃO PARA VAGA DE JUIZ ELEITORAL - EXCLUSÃO DE LISTA TRÍPLICE','001000000');
Insert into JURISPRUDENCIA.ASSUNTO (COD_ASSUNTO,DSC_ASSUNTO,COD_ASSUNTO_PAI) values ('1209','DIREITO PROCESSUAL PENAL',null);
Insert into JURISPRUDENCIA.ASSUNTO (COD_ASSUNTO,DSC_ASSUNTO,COD_ASSUNTO_PAI) values ('10604','Investigação Penal','1209');
Insert into JURISPRUDENCIA.ASSUNTO (COD_ASSUNTO,DSC_ASSUNTO,COD_ASSUNTO_PAI) values ('10632','Prisão Temporária','1209');
Insert into JURISPRUDENCIA.ASSUNTO (COD_ASSUNTO,DSC_ASSUNTO,COD_ASSUNTO_PAI) values ('10891','Habeas Corpus - Cabimento','1209');
Insert into JURISPRUDENCIA.ASSUNTO (COD_ASSUNTO,DSC_ASSUNTO,COD_ASSUNTO_PAI) values ('10904','Prisão Domiciliar / Especial','1209');
Insert into JURISPRUDENCIA.ASSUNTO (COD_ASSUNTO,DSC_ASSUNTO,COD_ASSUNTO_PAI) values ('10912','Medidas Assecuratórias','1209');
Insert into JURISPRUDENCIA.ASSUNTO (COD_ASSUNTO,DSC_ASSUNTO,COD_ASSUNTO_PAI) values ('4263','Ação Penal','1209');
Insert into JURISPRUDENCIA.ASSUNTO (COD_ASSUNTO,DSC_ASSUNTO,COD_ASSUNTO_PAI) values ('4291','Jurisdição e Competência','1209');
Insert into JURISPRUDENCIA.ASSUNTO (COD_ASSUNTO,DSC_ASSUNTO,COD_ASSUNTO_PAI) values ('4305','Recurso','1209');
Insert into JURISPRUDENCIA.ASSUNTO (COD_ASSUNTO,DSC_ASSUNTO,COD_ASSUNTO_PAI) values ('4310','Fiança','1209');
Insert into JURISPRUDENCIA.ASSUNTO (COD_ASSUNTO,DSC_ASSUNTO,COD_ASSUNTO_PAI) values ('4355','Prisão Preventiva','1209');
Insert into JURISPRUDENCIA.ASSUNTO (COD_ASSUNTO,DSC_ASSUNTO,COD_ASSUNTO_PAI) values ('4368','Denúncia/Queixa','1209');
Insert into JURISPRUDENCIA.ASSUNTO (COD_ASSUNTO,DSC_ASSUNTO,COD_ASSUNTO_PAI) values ('7928','Liberdade Provisória','1209');
Insert into JURISPRUDENCIA.ASSUNTO (COD_ASSUNTO,DSC_ASSUNTO,COD_ASSUNTO_PAI) values ('7929','Prisão em flagrante','1209');
Insert into JURISPRUDENCIA.ASSUNTO (COD_ASSUNTO,DSC_ASSUNTO,COD_ASSUNTO_PAI) values ('7937','Inclusão/exclusão de Jurado','1209');
Insert into JURISPRUDENCIA.ASSUNTO (COD_ASSUNTO,DSC_ASSUNTO,COD_ASSUNTO_PAI) values ('7942','Execução Penal','1209');
Insert into JURISPRUDENCIA.ASSUNTO (COD_ASSUNTO,DSC_ASSUNTO,COD_ASSUNTO_PAI) values ('7945','Falsidade','1209');
Insert into JURISPRUDENCIA.ASSUNTO (COD_ASSUNTO,DSC_ASSUNTO,COD_ASSUNTO_PAI) values ('287','DIREITO PENAL',null);
Insert into JURISPRUDENCIA.ASSUNTO (COD_ASSUNTO,DSC_ASSUNTO,COD_ASSUNTO_PAI) values ('10620','Parte Geral','287');
Insert into JURISPRUDENCIA.ASSUNTO (COD_ASSUNTO,DSC_ASSUNTO,COD_ASSUNTO_PAI) values ('10949','Violência Doméstica Contra a Mulher','287');
Insert into JURISPRUDENCIA.ASSUNTO (COD_ASSUNTO,DSC_ASSUNTO,COD_ASSUNTO_PAI) values ('10950','Crime / Contravenção contra Criança / Adolescente','287');
Insert into JURISPRUDENCIA.ASSUNTO (COD_ASSUNTO,DSC_ASSUNTO,COD_ASSUNTO_PAI) values ('10951','Crime / Contravenção contra Idoso','287');
Insert into JURISPRUDENCIA.ASSUNTO (COD_ASSUNTO,DSC_ASSUNTO,COD_ASSUNTO_PAI) values ('10952','Fato Atípico','287');
Insert into JURISPRUDENCIA.ASSUNTO (COD_ASSUNTO,DSC_ASSUNTO,COD_ASSUNTO_PAI) values ('11414','Crime/contravenção decorrente de conflito fundiário coletivo','287');
Insert into JURISPRUDENCIA.ASSUNTO (COD_ASSUNTO,DSC_ASSUNTO,COD_ASSUNTO_PAI) values ('3369','Crimes contra a vida','287');
Insert into JURISPRUDENCIA.ASSUNTO (COD_ASSUNTO,DSC_ASSUNTO,COD_ASSUNTO_PAI) values ('3385','Lesão Corporal','287');
Insert into JURISPRUDENCIA.ASSUNTO (COD_ASSUNTO,DSC_ASSUNTO,COD_ASSUNTO_PAI) values ('3388','Periclitação da Vida e da Saúde e Rixa','287');
Insert into JURISPRUDENCIA.ASSUNTO (COD_ASSUNTO,DSC_ASSUNTO,COD_ASSUNTO_PAI) values ('3394','Crimes contra a Honra','287');
Insert into JURISPRUDENCIA.ASSUNTO (COD_ASSUNTO,DSC_ASSUNTO,COD_ASSUNTO_PAI) values ('3400','Crimes contra a liberdade pessoal','287');
Insert into JURISPRUDENCIA.ASSUNTO (COD_ASSUNTO,DSC_ASSUNTO,COD_ASSUNTO_PAI) values ('3405','Crimes contra a inviolabilidade de domicílio','287');
Insert into JURISPRUDENCIA.ASSUNTO (COD_ASSUNTO,DSC_ASSUNTO,COD_ASSUNTO_PAI) values ('3407','Crimes contra a inviolabilidade de correspondência','287');
Insert into JURISPRUDENCIA.ASSUNTO (COD_ASSUNTO,DSC_ASSUNTO,COD_ASSUNTO_PAI) values ('3412','Crimes contra a inviolabilidade de segredo','287');
Insert into JURISPRUDENCIA.ASSUNTO (COD_ASSUNTO,DSC_ASSUNTO,COD_ASSUNTO_PAI) values ('3415','Crimes contra o Patrimônio','287');
Insert into JURISPRUDENCIA.ASSUNTO (COD_ASSUNTO,DSC_ASSUNTO,COD_ASSUNTO_PAI) values ('3442','Crimes contra a Propriedade Intelectual','287');
Insert into JURISPRUDENCIA.ASSUNTO (COD_ASSUNTO,DSC_ASSUNTO,COD_ASSUNTO_PAI) values ('3445','Crimes contra a Organização do Trabalho','287');
Insert into JURISPRUDENCIA.ASSUNTO (COD_ASSUNTO,DSC_ASSUNTO,COD_ASSUNTO_PAI) values ('3457','Crimes contra o sentimento religioso e contra o respeito aos mortos','287');
Insert into JURISPRUDENCIA.ASSUNTO (COD_ASSUNTO,DSC_ASSUNTO,COD_ASSUNTO_PAI) values ('3463','Crimes contra a Dignidade Sexual','287');
Insert into JURISPRUDENCIA.ASSUNTO (COD_ASSUNTO,DSC_ASSUNTO,COD_ASSUNTO_PAI) values ('3472','Crimes contra a Família','287');
Insert into JURISPRUDENCIA.ASSUNTO (COD_ASSUNTO,DSC_ASSUNTO,COD_ASSUNTO_PAI) values ('3491','Crimes contra a Incolumidade Pública','287');
Insert into JURISPRUDENCIA.ASSUNTO (COD_ASSUNTO,DSC_ASSUNTO,COD_ASSUNTO_PAI) values ('3520','Crimes contra a Paz Pública','287');
Insert into JURISPRUDENCIA.ASSUNTO (COD_ASSUNTO,DSC_ASSUNTO,COD_ASSUNTO_PAI) values ('3523','Crimes contra a Fé Pública','287');
Insert into JURISPRUDENCIA.ASSUNTO (COD_ASSUNTO,DSC_ASSUNTO,COD_ASSUNTO_PAI) values ('3547','Crimes Praticados por Funcionários Públicos Contra a Administração em Geral','287');
Insert into JURISPRUDENCIA.ASSUNTO (COD_ASSUNTO,DSC_ASSUNTO,COD_ASSUNTO_PAI) values ('3603','Crimes Previstos na Legislação Extravagante','287');
Insert into JURISPRUDENCIA.ASSUNTO (COD_ASSUNTO,DSC_ASSUNTO,COD_ASSUNTO_PAI) values ('3692','Contravenções Penais','287');
Insert into JURISPRUDENCIA.ASSUNTO (COD_ASSUNTO,DSC_ASSUNTO,COD_ASSUNTO_PAI) values ('5555','Crime Tentado','287');
Insert into JURISPRUDENCIA.ASSUNTO (COD_ASSUNTO,DSC_ASSUNTO,COD_ASSUNTO_PAI) values ('5865','Crime Culposo','287');
Insert into JURISPRUDENCIA.ASSUNTO (COD_ASSUNTO,DSC_ASSUNTO,COD_ASSUNTO_PAI) values ('5872','Crimes Praticados por Particular Contra a Administração em Geral','287');
Insert into JURISPRUDENCIA.ASSUNTO (COD_ASSUNTO,DSC_ASSUNTO,COD_ASSUNTO_PAI) values ('5873','Crimes Praticados por Particular Contra a Administração Pública Estrangeira','287');
Insert into JURISPRUDENCIA.ASSUNTO (COD_ASSUNTO,DSC_ASSUNTO,COD_ASSUNTO_PAI) values ('5874','Crimes Contra a Administração da Justiça','287');
Insert into JURISPRUDENCIA.ASSUNTO (COD_ASSUNTO,DSC_ASSUNTO,COD_ASSUNTO_PAI) values ('5875','Crimes Contra as Finanças Públicas','287');
Insert into JURISPRUDENCIA.ASSUNTO (COD_ASSUNTO,DSC_ASSUNTO,COD_ASSUNTO_PAI) values ('864','DIREITO DO TRABALHO',null);
Insert into JURISPRUDENCIA.ASSUNTO (COD_ASSUNTO,DSC_ASSUNTO,COD_ASSUNTO_PAI) values ('10568','Prescrição','864');
Insert into JURISPRUDENCIA.ASSUNTO (COD_ASSUNTO,DSC_ASSUNTO,COD_ASSUNTO_PAI) values ('1695','Acordo e Convenção Coletivos de Trabalho','864');
Insert into JURISPRUDENCIA.ASSUNTO (COD_ASSUNTO,DSC_ASSUNTO,COD_ASSUNTO_PAI) values ('1697','Direito Sindical e Questões Análogas','864');
Insert into JURISPRUDENCIA.ASSUNTO (COD_ASSUNTO,DSC_ASSUNTO,COD_ASSUNTO_PAI) values ('1937','Responsabilidade Solidária / Subsidiária','864');
Insert into JURISPRUDENCIA.ASSUNTO (COD_ASSUNTO,DSC_ASSUNTO,COD_ASSUNTO_PAI) values ('2135','Sentença Normativa','864');
Insert into JURISPRUDENCIA.ASSUNTO (COD_ASSUNTO,DSC_ASSUNTO,COD_ASSUNTO_PAI) values ('2567','Responsabilidade Civil do Empregador','864');
Insert into JURISPRUDENCIA.ASSUNTO (COD_ASSUNTO,DSC_ASSUNTO,COD_ASSUNTO_PAI) values ('2581','Remuneração, Verbas Indenizatórias e Benefícios','864');
Insert into JURISPRUDENCIA.ASSUNTO (COD_ASSUNTO,DSC_ASSUNTO,COD_ASSUNTO_PAI) values ('2620','Rescisão do Contrato de Trabalho','864');
Insert into JURISPRUDENCIA.ASSUNTO (COD_ASSUNTO,DSC_ASSUNTO,COD_ASSUNTO_PAI) values ('2622','Aposentadoria e Pensão','864');
Insert into JURISPRUDENCIA.ASSUNTO (COD_ASSUNTO,DSC_ASSUNTO,COD_ASSUNTO_PAI) values ('2662','Férias','864');
Insert into JURISPRUDENCIA.ASSUNTO (COD_ASSUNTO,DSC_ASSUNTO,COD_ASSUNTO_PAI) values ('7628','Outras Relações de Trabalho','864');
Insert into JURISPRUDENCIA.ASSUNTO (COD_ASSUNTO,DSC_ASSUNTO,COD_ASSUNTO_PAI) values ('7639','Direito de Greve / Lockout','864');
Insert into JURISPRUDENCIA.ASSUNTO (COD_ASSUNTO,DSC_ASSUNTO,COD_ASSUNTO_PAI) values ('7644','Categoria Profissional Especial','864');
Insert into JURISPRUDENCIA.ASSUNTO (COD_ASSUNTO,DSC_ASSUNTO,COD_ASSUNTO_PAI) values ('899','DIREITO CIVIL',null);
Insert into JURISPRUDENCIA.ASSUNTO (COD_ASSUNTO,DSC_ASSUNTO,COD_ASSUNTO_PAI) values ('10431','Responsabilidade Civil','899');
Insert into JURISPRUDENCIA.ASSUNTO (COD_ASSUNTO,DSC_ASSUNTO,COD_ASSUNTO_PAI) values ('10432','Coisas','899');
Insert into JURISPRUDENCIA.ASSUNTO (COD_ASSUNTO,DSC_ASSUNTO,COD_ASSUNTO_PAI) values ('5626','Família','899');
Insert into JURISPRUDENCIA.ASSUNTO (COD_ASSUNTO,DSC_ASSUNTO,COD_ASSUNTO_PAI) values ('5754','Pessoas naturais','899');
Insert into JURISPRUDENCIA.ASSUNTO (COD_ASSUNTO,DSC_ASSUNTO,COD_ASSUNTO_PAI) values ('7673','Sucessões','899');
Insert into JURISPRUDENCIA.ASSUNTO (COD_ASSUNTO,DSC_ASSUNTO,COD_ASSUNTO_PAI) values ('7681','Obrigações','899');
Insert into JURISPRUDENCIA.ASSUNTO (COD_ASSUNTO,DSC_ASSUNTO,COD_ASSUNTO_PAI) values ('7947','Fatos Jurídicos','899');
Insert into JURISPRUDENCIA.ASSUNTO (COD_ASSUNTO,DSC_ASSUNTO,COD_ASSUNTO_PAI) values ('9616','Empresas','899');
Insert into JURISPRUDENCIA.ASSUNTO (COD_ASSUNTO,DSC_ASSUNTO,COD_ASSUNTO_PAI) values ('9981','Pessoas Jurídicas','899');

Insert into JURISPRUDENCIA.TESE (SEQ_TESE,DSC_TESE,NUM_TESE,TIP_TESE) values ('170','Recurso extraordinário em que se discute, à luz dos artigos 5º, XXXVII e LIII; 93, III; 94 e 98, I, da Constituição Federal, a nulidade, ou não, de julgamento realizado por órgão fracionário de tribunal, composto majoritariamente por juízes convocados, tendo em conta os princípios do juiz natural e do duplo grau de jurisdição.','170','REPERCUSSAO_GERAL');
Insert into JURISPRUDENCIA.TESE (SEQ_TESE,DSC_TESE,NUM_TESE,TIP_TESE) values ('224','Recurso extraordinário em que se discute, à luz dos artigos 5º, II; 37; 59; 84, IV; 146, III, a; 150, I e IV; e 153, III, da Constituição Federal, a natureza jurídica dos juros, a fim de se decidir se verbas recebidas a esse título, em reclamatória trabalhista, se sujeitam, ou não, ao Imposto de Renda.','306','REPERCUSSAO_GERAL');
Insert into JURISPRUDENCIA.TESE (SEQ_TESE,DSC_TESE,NUM_TESE,TIP_TESE) values ('173','Recurso extraordinário em que se discute, à luz dos artigos 5º, LIV e LV; 129, III e VIII; e 144, IV, § 4°, da Constituição Federal, a constitucionalidade, ou não, da realização de procedimento investigatório de natureza penal pelo Ministério Público.','184','REPERCUSSAO_GERAL');
Insert into JURISPRUDENCIA.TESE (SEQ_TESE,DSC_TESE,NUM_TESE,TIP_TESE) values ('195','Recurso extraordinário em que se discute, à luz do art. 114, VI, da Constituição Federal, qual a Justiça competente, se a especializada ou a comum, para processar e julgar as ações indenizatórias decorrentes de acidente do trabalho propostas pelos sucessores do trabalhador falecido.','242','REPERCUSSAO_GERAL');
Insert into JURISPRUDENCIA.TESE (SEQ_TESE,DSC_TESE,NUM_TESE,TIP_TESE) values ('313','Recurso extraordinário em que se discute, à luz do art. 125, § 4º, da Constituição Federal, a competência, ou não, de Tribunal de Justiça estadual determinar, no bojo de processo autônomo de perda de posto e patente de militar, a reforma de policial militar, julgado inapto a permanecer nas fileiras da corporação.','358','REPERCUSSAO_GERAL');
Insert into JURISPRUDENCIA.TESE (SEQ_TESE,DSC_TESE,NUM_TESE,TIP_TESE) values ('346','Recurso extraordinário em que se discute, à luz dos artigos 5º, II, XXII, XXXVI, LIV e LV; e 170, II, da Constituição Federal, a responsabilização, ou não, do empregador por obrigações trabalhistas, no caso de sucessão de empresa.','333','REPERCUSSAO_GERAL');
Insert into JURISPRUDENCIA.TESE (SEQ_TESE,DSC_TESE,NUM_TESE,TIP_TESE) values ('432','Recurso extraordinário em que se discute, à luz dos artigos 227 e 229 da Constituição Federal, a constitucionalidade, ou não, de decisão que, com fundamento em interpretação sistemática do art. 75, §1º, da Lei nº 6.815/80, concede ordem de habeas corpus para manter, no território brasileiro, estrangeiro expulso cuja prole brasileira foi concebida posteriormente ao fato motivador do ato expulsório, considerando-se, de um lado, o princípio da soberania nacional e, de outro lado, o princípio da proteção da família.','373','REPERCUSSAO_GERAL');
Insert into JURISPRUDENCIA.TESE (SEQ_TESE,DSC_TESE,NUM_TESE,TIP_TESE) values ('350','Recurso extraordinário em que se discute, à luz do art. 5º, XLIII, da Constituição Federal, a possibilidade, ou não, de concessão da liberdade provisória a preso em flagrante pela prática de tráfico ilícito de entorpecentes.','192','REPERCUSSAO_GERAL');
Insert into JURISPRUDENCIA.TESE (SEQ_TESE,DSC_TESE,NUM_TESE,TIP_TESE) values ('452','Agravo de instrumento interposto contra decisão que inadmitiu recurso extraordinário em que se discute, à luz do art. 100 da Constituição Federal, se a PARANAPREVIDÊNCIA faz jus, ou não, ao rito do artigo 730 do CPC, nas hipóteses de execução de quantia em dinheiro.','411','REPERCUSSAO_GERAL');
Insert into JURISPRUDENCIA.TESE (SEQ_TESE,DSC_TESE,NUM_TESE,TIP_TESE) values ('516','Recurso extraordinário com agravo em que se discute, à luz dos incisos I e II do art. 114 da Constituição Federal, a competência para processar e julgar processo que tem por objeto a abusividade de greve de servidores públicos regidos pela Consolidação das Leis do Trabalho – CLT.','544','REPERCUSSAO_GERAL');
Insert into JURISPRUDENCIA.TESE (SEQ_TESE,DSC_TESE,NUM_TESE,TIP_TESE) values ('531','Recurso extraordinário em que se discute, à luz do art. 29, VIII, da Constituição Federal, se a imunidade material de vereador por suas opiniões, palavras e votos alcança, ou não, obrigação de indenizar decorrente de responsabilidade civil.','469','REPERCUSSAO_GERAL');
Insert into JURISPRUDENCIA.TESE (SEQ_TESE,DSC_TESE,NUM_TESE,TIP_TESE) values ('441','Recurso extraordinário em que se discute, à luz dos artigos 1º, III, e 5º, II, XLVI, LXV, da Constituição Federal, a possibilidade, ou não, de se determinar o cumprimento de pena privativa de liberdade em prisão domiciliar, ante a inexistência de vagas em estabelecimento penitenciário adequado à execução no regime semi-aberto. ','423','REPERCUSSAO_GERAL');
Insert into JURISPRUDENCIA.TESE (SEQ_TESE,DSC_TESE,NUM_TESE,TIP_TESE) values ('1037','Recurso extraodinário com agravo em que se discute, à luz do art. 7º, XXIX, da Constituição Federal, o prazo da prescrição da ação proposta em razão de acidente de trabalho em face da  emenda Constitucional 45, de 2004.','466','PRE_TEMA');
Insert into JURISPRUDENCIA.TESE (SEQ_TESE,DSC_TESE,NUM_TESE,TIP_TESE) values ('817','Recurso Extraordinário que, à luz do art. 29, inciso VIII, da CF/88, pugna contra acórdão que condenou vereador a pagamento de indenização a título de danos morais por ofensa em pronunciamento feito no exercício de suas funções.','246','PRE_TEMA');
Insert into JURISPRUDENCIA.TESE (SEQ_TESE,DSC_TESE,NUM_TESE,TIP_TESE) values ('819','Recurso extraordinário com agravo em que se discute, à luz do art. 7º, XXIX da Constituição Federal, qual o prazo prescricional, se parcial ou total, para se pleitear complementação de proventos interrompida após aposentadoria por invalidez.','248','PRE_TEMA');
Insert into JURISPRUDENCIA.TESE (SEQ_TESE,DSC_TESE,NUM_TESE,TIP_TESE) values ('1001','Recurso Extraordinário com agravo em que se discute, à luz do art. 37, § 6º, da Constituição Federal, a responsabilidade civil estatal por danos morais decorrentes de prisão indevida.','430','PRE_TEMA');
Insert into JURISPRUDENCIA.TESE (SEQ_TESE,DSC_TESE,NUM_TESE,TIP_TESE) values ('1322','Recurso Extraordinário em que se discute, à luz dos arts. 37, § 6º e 5º, LXXVIII da CF/88, a responsabilidade civil objetiva do Estado e a responsabilidade civil pessoal do Magistrado por danos decorrentes da demora na prestação jurisdicional.','751','PRE_TEMA');
Insert into JURISPRUDENCIA.TESE (SEQ_TESE,DSC_TESE,NUM_TESE,TIP_TESE) values ('1334','Recurso Extraordinário em que se discute à luz do artigo 153, III da Constituição Federal a incidência de imposto de renda sobre abono pecuniário recebido em decorrência de acordo coletivo de trabalho. ','763','PRE_TEMA');
Insert into JURISPRUDENCIA.TESE (SEQ_TESE,DSC_TESE,NUM_TESE,TIP_TESE) values ('1354','Agravo interposto contra decisão que inadmitiu recurso extraordinário em que se discute, à luz do art. 37, II, e §2º, da Constituição Federal, efeitos trabalhistas decorrentes da contratação de empregado por pessoa jurídica de direito privado prestadora de serviço social autônomo, sem submissão à regra da prévia aprovação em concurso público.','783','PRE_TEMA');
Insert into JURISPRUDENCIA.TESE (SEQ_TESE,DSC_TESE,NUM_TESE,TIP_TESE) values ('1446','Agravo em Recurso Extraordinário em que se discute com fundamento no art. 114 da CF/88, sobre a competência para julgamento de prestação de contas de ex-empregado, gestor de negócios, por vendas realizadas em nome do ex-empregador.','875','PRE_TEMA');
Insert into JURISPRUDENCIA.TESE (SEQ_TESE,DSC_TESE,NUM_TESE,TIP_TESE) values ('1526','Recurso Extraordinário com Agravo em que se discute, à luz do art. 114, I e II da CF/88, a competência, ou não, da Justiça do Trabalho para julgar a abusividade de greve de servidores públicos celetistas.','955','PRE_TEMA');
Insert into JURISPRUDENCIA.TESE (SEQ_TESE,DSC_TESE,NUM_TESE,TIP_TESE) values ('1121','Recurso extraordinário em que se discute, à luz do art. 5º, XXXV e XXXVI da CF/1988, a possibilidade, ou não, de redução do valor de multa cominatória, em ação de indenizatória por danos morais ou materiais.','550','PRE_TEMA');
Insert into JURISPRUDENCIA.TESE (SEQ_TESE,DSC_TESE,NUM_TESE,TIP_TESE) values ('1903','Recurso extraordinário no qual se discute, à luz do inciso V do art. 170, do caput do art. 207 e do art. 209 da Constituição Federal, se fere a autonomia universitária a decisão que, lastreada no princípio da defesa do consumidor, determina que o pagamento das mensalidades das instituições privadas de ensino superior seja proporcional à quantidade de disciplinas cursadas.','547','REPERCUSSAO_GERAL');
Insert into JURISPRUDENCIA.TESE (SEQ_TESE,DSC_TESE,NUM_TESE,TIP_TESE) values ('1781','Agravo de instrumento contra decisão que não admitiu recurso extraordinário em que se discute, à luz dos arts. 5º, II e XXXVI; e 7º, I, da Constituição Federal, se a aposentadoria espontânea extingue, ou não, o contrato de trabalho.    ','1','CONTROVERSIA');
Insert into JURISPRUDENCIA.TESE (SEQ_TESE,DSC_TESE,NUM_TESE,TIP_TESE) values ('1845','Recurso Extraordinário com agravo em que se discute, à luz do art. 37, § 6º, da Constituição Federal, a caracterização, ou não, de responsabilidade civil do Estado por danos morais decorrentes de prisão indevida.    ','33','CONTROVERSIA');
Insert into JURISPRUDENCIA.TESE (SEQ_TESE,DSC_TESE,NUM_TESE,TIP_TESE) values ('1887','Recurso extraordinário em que se discute, à luz do art. 37, XVI e XVII, da Constituição Federal, a possibilidade, ou não, da acumulação de proventos com vencimentos de empregados públicos, em face dos efeitos da concessão da aposentadoria espontânea.    ','61','CONTROVERSIA');
Insert into JURISPRUDENCIA.TESE (SEQ_TESE,DSC_TESE,NUM_TESE,TIP_TESE) values ('1852','Recurso extraordinário em que se discute, à luz dos arts. 7º, XXVI, 8º, III e VI, e 202, caput e §2º, da Constituição Federal, a possibilidade, ou não, de o acordo coletivo de trabalho limitar a concessão de uma vantagem - alteração de nível - somente aos empregados em atividade.       ','41','CONTROVERSIA');
Insert into JURISPRUDENCIA.TESE (SEQ_TESE,DSC_TESE,NUM_TESE,TIP_TESE) values ('1886','Recurso extraordinário com agravo em que se discute, à luz dos arts. 114, I; e 198, §5º, da Constituição Federal, a competência, ou não, da Justiça do Trabalho para processar e julgar ação que discute verbas trabalhistas, referentes a período regido pela CLT, supostamente devidas a empregados públicos ¿ com fundamento na Emenda Constitucional n.º 51/2006 e na Lei Federal n.º 11.350/2006 ¿ que migraram, posteriormente, para o regime estatutário.    ','59','CONTROVERSIA');
Insert into JURISPRUDENCIA.TESE (SEQ_TESE,DSC_TESE,NUM_TESE,TIP_TESE) values ('1882','Recurso extraordinário com agravo em que se discute à luz do artigo 7º, XXIX, da Constituição Federal, qual o marco inicial da contagem do prazo prescricional estabelecido no referido dispositivo constitucional, em face da decisão do STF que entendeu que a aposentadoria espontânea do trabalhador não extingue o contrato de trabalho.    ','52','CONTROVERSIA');
Insert into JURISPRUDENCIA.TESE (SEQ_TESE,DSC_TESE,NUM_TESE,TIP_TESE) values ('1637','Agravo de instrumento interposto contra decisão que inadmitiu recurso extraordinário, em que se discute à luz dos arts. 5º, II e XXXV; 37, caput; e 202, da Constituição Federal, a possibilidade, ou não, do pagamento de indenização em dobro, com base na estabilidade decenal, a ex-servidor da Empresa Brasileira de Correios e Telégrafos, referente ao período do regime estatutário regido pela Lei Federal nº 1.711/1.952, anterior à opção pela CLT e FGTS.','1066','PRE_TEMA');
Insert into JURISPRUDENCIA.TESE (SEQ_TESE,DSC_TESE,NUM_TESE,TIP_TESE) values ('1492','Agravo de Instrumento contra decisão que inadmitiu Recurso extraordinário em que se discute, à luz dos arts. 5º, XXXV, e 114, § 2º, da Constituição Federal, a necessidade, ou não, de "comum acordo" como pressuposto processual para o ajuizamento de dissídio coletivo de natureza econômica na Justiça do Trabalho.','921','PRE_TEMA');
Insert into JURISPRUDENCIA.TESE (SEQ_TESE,DSC_TESE,NUM_TESE,TIP_TESE) values ('771','Recurso extraordinário em que se discute, à luz do art. XXX, da Constituição Federal, se pessoa jurídica de direito privado sem fins lucrativos tem direito, ou não, ao benefício da gratuidade de justiça.','200','PRE_TEMA');
Insert into JURISPRUDENCIA.TESE (SEQ_TESE,DSC_TESE,NUM_TESE,TIP_TESE) values ('847','Recurso Extraordinário com Agravo em que se discute, à luz dos artigos 7º, XXIX da Constituição Federal a prescrição incidente sobre pedido de complementação de aposentadoria relativa ao auxílio-alimentação suprimido antes da aposentadoria do empregado e jamais recebido após o jubilamento.','276','PRE_TEMA');
Insert into JURISPRUDENCIA.TESE (SEQ_TESE,DSC_TESE,NUM_TESE,TIP_TESE) values ('741','Recurso extraordinário com agravo em que se discute, à luz dos arts. 5º, II, 7º, XXIX, da Constituição Federal, se está prescrito, ou não, com base em acordo coletivo, o direito dos empregados perceberem o pagamento das diferenças de PLR dos exercícios financeiros de 1997, 1998 e 1999, que supostamente foram distribuídos em 2001 apenas aos acionistas como dividendo e juros sobre capital próprio.','170','PRE_TEMA');
Insert into JURISPRUDENCIA.TESE (SEQ_TESE,DSC_TESE,NUM_TESE,TIP_TESE) values ('1148','Recurso Extraordinário com Agravo em que se discute, à luz do artigo 7º, XXIX da Constituição Federal a aplicabilidade da prescrição às ações que tenham por objeto anotação da carteira de trabalho para fins de prova junto à Previdência Social, a teor do artigo 11, § 1º da CLT. ','577','PRE_TEMA');
Insert into JURISPRUDENCIA.TESE (SEQ_TESE,DSC_TESE,NUM_TESE,TIP_TESE) values ('1460','Recurso extraordinário com agravo em que se discute, à luz do art. 37, IX, e 39, § 3º, da Constituição Federal, o direito, ou não, ao pagamento de parcelas salariais a servidor público temporário contratado irregularmente. ','889','PRE_TEMA');
Insert into JURISPRUDENCIA.TESE (SEQ_TESE,DSC_TESE,NUM_TESE,TIP_TESE) values ('1158','Recurso extraordinário com agravo em que se discute, à luz do artigo 7º, XXIX da Constituição Federal, a aplicabilidade, ou não, da prescrição quinquenal intercorrente no curso do processo de execução trabalhista. ','587','PRE_TEMA');
Insert into JURISPRUDENCIA.TESE (SEQ_TESE,DSC_TESE,NUM_TESE,TIP_TESE) values ('1160','Recurso extraordinário com agravo em que se discute, à luz do art. 7º, XXIX, da Constituição Federal, a incidência da decretação da prescrição sobre parcelas trabalhistas não impugnadas na contestação.','589','PRE_TEMA');
Insert into JURISPRUDENCIA.TESE (SEQ_TESE,DSC_TESE,NUM_TESE,TIP_TESE) values ('839','Agravo em Recurso Extraordinário em que se discute, à luz dos arts 5º, inciso XXXV, LIV e LV; 93, IX; bem como do art. 10 do ADCT da Constituição Federal, a negativa de prestação jurisdicional em sede de Reclamação Trabalhista que versa sobre dispensa sem justa causa de empregada doméstica.','268','PRE_TEMA');
Insert into JURISPRUDENCIA.TESE (SEQ_TESE,DSC_TESE,NUM_TESE,TIP_TESE) values ('1663','Recurso extraordinário com agravo em que se discute, à luz dos arts. 7º; 37, inc. IX; 39, §3º da CF/88, se servidores contratados administrativamente em caráter temporário tem direito ao recebimento de verbas sociais não previstas no contrato firmado, como gratificação natalina, férias, terço constitucional de férias.','1092','PRE_TEMA');
Insert into JURISPRUDENCIA.TESE (SEQ_TESE,DSC_TESE,NUM_TESE,TIP_TESE) values ('1067','Prescrição da pretensão de reajuste de complementação de aposentadoria relativos ao abono-complementação instituído pela Fundação Vale do Rio Doce de Seguridade Social - VALIA.
Recurso extraordinário com agravo em que se discute, à luz do art. 7º, inciso XXIV, da Constituição Federal, a prescrição da pretensão de reajuste da complementação de aposentadoria relativos ao abono-complementação instituído pela Fundação Vale do Rio Doce de Seguridade Social - VALIA.','496','PRE_TEMA');
Insert into JURISPRUDENCIA.TESE (SEQ_TESE,DSC_TESE,NUM_TESE,TIP_TESE) values ('1691','Agravo instrumento interposto contra decisão que inadmitiu em recurso extraordinário em que se discute, à luz do art. 53, da Constituição Federal, se a imunidade por opiniões, palavras e votos de Deputados e Senadores, alcança, ou não,  a obrigação por responsabilidade civil.','1120','PRE_TEMA');
Insert into JURISPRUDENCIA.TESE (SEQ_TESE,DSC_TESE,NUM_TESE,TIP_TESE) values ('748','Recurso Extraordinário em que se discute, à luz dos artigos 5º, II, LV e 173, da Constituição Federal, a possibilidade, ou não, de inclusão do Estado no pólo passivo de execução trabalhista movida contra sociedade de economia mista em condição de insolvência.','177','PRE_TEMA');
Insert into JURISPRUDENCIA.TESE (SEQ_TESE,DSC_TESE,NUM_TESE,TIP_TESE) values ('749','Recurso extraordinário com agravo em que se discute, à luz dos arrtigos 5º, XXXV, LIV, LV e 7º, XXIX da Constituição Federal, a extensão de assistência médica supletiva a empregado aposentado por invalidez. Alegação de inexistência de lei ou norma interna concessiva do benefício.','178','PRE_TEMA');
Insert into JURISPRUDENCIA.TESE (SEQ_TESE,DSC_TESE,NUM_TESE,TIP_TESE) values ('1082','Agravo interposto contra decisão que inadmitiu recurso extraordinário em que se discute, à luz do art. 40, § 7º, da Constituição Federal, o direito  de pensionistas de ex-empregados da extinta Ferrovia Paulista S/A ¿ FEPASA, à integralidade no valor da pensão recebida, com base no art. 40, §5º, da Carta Magna, com redação anterior à EC nº 20/1998, e nos artigos 192 e 193 do Decreto Estadual nº 35.530/1959.','511','PRE_TEMA');
Insert into JURISPRUDENCIA.TESE (SEQ_TESE,DSC_TESE,NUM_TESE,TIP_TESE) values ('1155','Agravo em recurso extraordinário em que se discute, à luz do art. 40, § 4º, da Constituição Federal, a possibilidade, ou não, de decisão judicial desconsiderar o quanto foi decidido em acordo coletivo.','584','PRE_TEMA');
Insert into JURISPRUDENCIA.TESE (SEQ_TESE,DSC_TESE,NUM_TESE,TIP_TESE) values ('1036','Recurso extraordinário com agravo em que se discute, à luz do art. 37, § 6º da Constituição Federal, a responsabilidade objetiva do Estado, em razão de morte de detento.','465','PRE_TEMA');
Insert into JURISPRUDENCIA.TESE (SEQ_TESE,DSC_TESE,NUM_TESE,TIP_TESE) values ('1516','Recurso extraordinário em que se discute, à luz artigo 5º, inciso LV da CF/88, a possibilidade ou não da cobrança de complementação de seguro facultativo pelos lucros cessantes, do responsável por acidente de veículo causado àquele que utiliza o bem como ferramenta de trabalho e que permaneceu paralisado para conserto das avarias sofridas, o que impossibilitou o exercício das atividades profissionais.','945','PRE_TEMA');
Insert into JURISPRUDENCIA.TESE (SEQ_TESE,DSC_TESE,NUM_TESE,TIP_TESE) values ('1617','Agravo de instrumento interposto contra decisão que inadmitiu recurso extraordinário, em que se discute à luz dos arts. 5°, II, XIII e XXXVI; 100; 173; 175; e 195, §7°, da Constituição Federal, a natureza jurídica de Fundação criada por lei municipal, antes do Novo Código Civil, para fins de execução por ofício precatório. ','1046','PRE_TEMA');
Insert into JURISPRUDENCIA.TESE (SEQ_TESE,DSC_TESE,NUM_TESE,TIP_TESE) values ('880','Recurso extraordinário com agravo em que se discute, à luz dos artigos 5º, caput, incisos II, XXXVI, LIV, LV e 7º, VI, XXX, da Constituição Federal, a possibilidade, ou não, de se reajustar aposentadoria de empregado do antigo Banespa pelo índice do IGP-DI e mais 12% de juros ao ano, ou sucessivamente àqueles conferidos pelas convenções ou acordos coletivos de trabalho, em face da não opção do plano de complementação de aposentadoria. ','309','PRE_TEMA');
Insert into JURISPRUDENCIA.TESE (SEQ_TESE,DSC_TESE,NUM_TESE,TIP_TESE) values ('7963','Recurso extraordinário em que se discute, à luz do art. 5º, XXXV e XXXVI, e 60, § 4º, da Constituição Federal, a constitucionalidade do § 2º do art. 114 da Lei Maior, na redação dada pela EC 45/2004, que condiciona o ajuizamento de dissídio coletivo de natureza econômica à existência de comum acordo entre as partes.','841','REPERCUSSAO_GERAL');
Insert into JURISPRUDENCIA.TESE (SEQ_TESE,DSC_TESE,NUM_TESE,TIP_TESE) values ('3762','Recurso extraordinário em que se discute — à luz dos arts. 1º, IV, 2º, 3º, I, 4º, IV, 5º, II, 7º, I, 114, 170, II e parágrafo único, da Constituição federal, bem como do art. 10, II, do Ato das Disposições Constitucionais Transitórias — a imposição, pelo Tribunal Superior do Trabalho, da obrigatoriedade de negociação coletiva para a dispensa em massa de trabalhadores.','638','REPERCUSSAO_GERAL');
Insert into JURISPRUDENCIA.TESE (SEQ_TESE,DSC_TESE,NUM_TESE,TIP_TESE) values ('2582','Recurso extraordinário com agravo em que se discute, à luz do inciso XXXVI do art. 5º e do inciso XXIX do art. 7º da Constituição Federal, a prescrição aplicável (total ou parcial) no âmbito da Justiça do Trabalho.','583','REPERCUSSAO_GERAL');
Insert into JURISPRUDENCIA.TESE (SEQ_TESE,DSC_TESE,NUM_TESE,TIP_TESE) values ('6582','Recurso extraordinário em que se discute, à luz dos arts. 5º, LVII, e 97 da Constituição federal, se ofende o princípio da presunção de inocência a aplicação do quanto disposto no art. 52 da Lei 7.210/1984 (Lei de Execução Penal – LEP) – a prática de fato previsto como crime doloso constitui falta grave – antes do advento de sentença penal condenatória transitada em julgado.','758','REPERCUSSAO_GERAL');
Insert into JURISPRUDENCIA.TESE (SEQ_TESE,DSC_TESE,NUM_TESE,TIP_TESE) values ('8102','Recurso extraordinário em que se discute, à luz dos arts. 7º, XXIX, 39 e 114 da Constituição Federal, a competência, ou não, da Justiça Trabalhista para processar e julgar demanda instaurada entre  o Poder Público e servidores a ele vinculados por contrato de trabalho regido pela CLT.','853','REPERCUSSAO_GERAL');
Insert into JURISPRUDENCIA.TESE (SEQ_TESE,DSC_TESE,NUM_TESE,TIP_TESE) values ('1267','.Recurso extraordinário em que se discute, à luz dos artigos 5º, II; 37; 59; 84, IV; 146, III, a; 150, I e IV; e 153, III, da Constituição Federal, a natureza jurídica dos juros, a fim de se decidir se verbas recebidas a esse título, em reclamatória trabalhista, se sujeitam, ou não, ao Imposto de Renda.','696','PRE_TEMA');
Insert into JURISPRUDENCIA.TESE (SEQ_TESE,DSC_TESE,NUM_TESE,TIP_TESE) values ('2704','Recurso extraordinário em que se discute, à luz do inciso XXVI do art. 7º e dos incisos III e VI do art. 8º da Constituição Federal, a possibilidade, ou não, de extensão, às complementações de aposentadoria, de benefício concedido indistintamente aos empregados da ativa, em razão de acordo coletivo de trabalho. ','591','REPERCUSSAO_GERAL');
Insert into JURISPRUDENCIA.TESE (SEQ_TESE,DSC_TESE,NUM_TESE,TIP_TESE) values ('3362','Agravo contra decisão que inadmitiu recurso extraordinário em que se discute, à luz dos arts. 2º; 5º, XLIII; e 52, X, da Constituição Federal, a constitucionalidade da vedação à conversão da pena privativa de liberdade pela pena restritiva de direitos, prevista nos arts. 33, § 4º, e 44, caput, da Lei 11.343/2006.','626','REPERCUSSAO_GERAL');
Insert into JURISPRUDENCIA.TESE (SEQ_TESE,DSC_TESE,NUM_TESE,TIP_TESE) values ('1672','Recurso extraordinário com agravo em que se discute a luz do art. 5º, caput e II, da Constituição Federal, a aplicabilidade, ou não, da forma de incidência dos juros de mora, disposto no artigo 1º-F, da lei nº 9.494/1997, com redação da MP nº 2180-35/2001 e da Lei nº 11.960/2009, nos casos de condenação subsidiária da Fazenda Pública.','1101','PRE_TEMA');
Insert into JURISPRUDENCIA.TESE (SEQ_TESE,DSC_TESE,NUM_TESE,TIP_TESE) values ('814','Recurso Extraordinário com agravo em que se discute, à luz dos arts. 113 e 114 da CF/88, a incompetência da justiça do trabalho nas ações que envolvam a execução de crédito trabalhista incluído na recuperação judicial de empresas, conforme previsto na Lei Federal nº 11.101/2005.','243','PRE_TEMA');
Insert into JURISPRUDENCIA.TESE (SEQ_TESE,DSC_TESE,NUM_TESE,TIP_TESE) values ('2722','Recurso extraordinário com agravo em que se discute, à luz do § 6º do art. 37 da Constituição Federal, a responsabilidade civil objetiva do Estado por morte de detento.','592','REPERCUSSAO_GERAL');
Insert into JURISPRUDENCIA.TESE (SEQ_TESE,DSC_TESE,NUM_TESE,TIP_TESE) values ('5462','Recurso extraordinário em que se discute, à luz do art. 5º, LXI, da Constituição federal, a recepção do art. 47 da Lei 6.880/1980, que possibilita a definição, por meio de decreto regulamentar, dos casos de prisão e detenção disciplinares por transgressão militar. Em consequência, discute-se também a validade das disposições contidas no Decreto 4.346/2002 (Regulamento Disciplinar do Exército) pertinentes à aplicação das referidas penalidades.','703','REPERCUSSAO_GERAL');
Insert into JURISPRUDENCIA.TESE (SEQ_TESE,DSC_TESE,NUM_TESE,TIP_TESE) values ('2962','Recurso extraordinário com agravo em que se discute, à luz do caput e dos incisos II, XXII e LIV do art. 5º; bem como dos incisos III e XXIX do art. 7º, todos da Constituição Federal, o prazo prescricional aplicável à cobrança de valores não depositados no Fundo de Garantia por Tempo de Serviço - FGTS.','608','REPERCUSSAO_GERAL');
Insert into JURISPRUDENCIA.TESE (SEQ_TESE,DSC_TESE,NUM_TESE,TIP_TESE) values ('1340','Agravo contra decisão que inadmitiu recurso extraordinário em que se discute, à luz do art. 7, XXVI e 114, I da CF/88 a competência da Justiça do Trabalho para julgar causas envolvendo discussão sobre cláusulas de acordos coletivos de trabalho.','769','PRE_TEMA');
Insert into JURISPRUDENCIA.TESE (SEQ_TESE,DSC_TESE,NUM_TESE,TIP_TESE) values ('8243','Recurso extraordinário em que se discute, à luz dos arts. 2º, 5º, II, 7º, XVII, e 59 da Constituição Federal, se o pagamento de férias realizado fora do prazo do art. 145 da Consolidação das Leis do Trabalho deve ser efetuado em dobro.','867','REPERCUSSAO_GERAL');
Insert into JURISPRUDENCIA.TESE (SEQ_TESE,DSC_TESE,NUM_TESE,TIP_TESE) values ('8162','Recurso extraordinário em que se discute, à luz dos arts. 5º, XXXIX, e 22, I, da Constituição Federal, a tipicidade, ou não, da conduta de portar arma branca, tendo em conta a ausência da regulamentação exigida no tipo do art. 19 da Lei das Contravenções Penais.','857','REPERCUSSAO_GERAL');
Insert into JURISPRUDENCIA.TESE (SEQ_TESE,DSC_TESE,NUM_TESE,TIP_TESE) values ('850','Agravo em Recurso Extraordinário em que se discute, à luz do artigo 5º, II, XXXV, LIV, LV, da Constituição Federal, a existência, ou não, de direito adquirido a empregado do SERPRO com relação ao recebimento do Prêmio Produtividade em virtude do artigo 12 da Lei 5.615/70. ','279','PRE_TEMA');
Insert into JURISPRUDENCIA.TESE (SEQ_TESE,DSC_TESE,NUM_TESE,TIP_TESE) values ('56','Recurso extraordinário em que se discute, à luz dos artigos 5º, LV e LX; e art. 93, IX, da Constituição Federal, a constitucionalidade, ou não, do art. 118, § 3º, do Regimento Interno do Superior Tribunal Militar – STM, o qual prevê que o resultado do julgamento de agravo interposto perante aquela Corte será certificado nos autos pela Secretaria do Tribunal Pleno, prescindindo-se da lavratura de acórdão fundamentado.','50','REPERCUSSAO_GERAL');
Insert into JURISPRUDENCIA.TESE (SEQ_TESE,DSC_TESE,NUM_TESE,TIP_TESE) values ('1147','Agravo em Recurso Extraordinário em que se discute, à luz do art. 114, inciso I da CF/88, a definição da justiça competente para julgar a causa em relação à data da publicação da Lei instituidora do Regime jurídico Único dos servidores, a qual efetivou a transposição do regime celetista para o estatutário.','576','PRE_TEMA');
Insert into JURISPRUDENCIA.TESE (SEQ_TESE,DSC_TESE,NUM_TESE,TIP_TESE) values ('3342','Agravo interposto de decisão que não admitiu recurso extraordinário em que se discute, à luz do art. 5º, caput e inciso II, da Constituição Federal, a aplicabilidade dos juros de mora previstos no art. 1º-F da Lei 9.494/1997 aos casos em que a Fazenda Pública é condenada subsidiariamente pelas obrigações trabalhistas inadimplidas pelo empregador principal.','625','REPERCUSSAO_GERAL');
Insert into JURISPRUDENCIA.TESE (SEQ_TESE,DSC_TESE,NUM_TESE,TIP_TESE) values ('1315','Recurso extraordinário com agravo em que se discute, à luz dos arts. 37, II, 114, I, da Constituição Federal e do art. 19, §1º, do ADCT, a competência da Justiça do Trabalho para processar e julgar ação que discute a validade, ou não, da mudança do regime jurídico de celetista para estatutário, por meio de lei municipal, de empregado público cujo vínculo com a Administração Pública tenha ocorrido em período anterior à Constituição Federal, sem prévia aprovação em concurso público, e a prescrição em relação aos créditos trabalhistas referentes a período regido pela CLT.','744','PRE_TEMA');
Insert into JURISPRUDENCIA.TESE (SEQ_TESE,DSC_TESE,NUM_TESE,TIP_TESE) values ('7104','Recurso extraordinário em que se discute, à luz dos arts. 5º, caput e XXXVI, e 7º, VI e XXVI, da Constituição Federal, a validade, ou não, do cálculo do valor do Complemento de Remuneração Mínima por Nível e Regime devido aos empregados da Petrobrás, previsto na Cláusula 35ª do Acordo Coletivo de Trabalho de 2007/2009, mediante a subtração, no valor desse complemento, dos adicionais inerentes ao trabalho em condições especiais.','795','REPERCUSSAO_GERAL');
Insert into JURISPRUDENCIA.TESE (SEQ_TESE,DSC_TESE,NUM_TESE,TIP_TESE) values ('747','Recurso Extraordinário com Agravo em que se discute, à luz dos art. 7º, XI e XXVI; e 8º, III e VI, da Constituição federal, a possibilidade, ou não, de estabelecer participação nos lucros e resultados da empresa, através de norma coletiva, em desacordo com o estabelecido na Lei nº 10.101/00, bem como, constitucionalidade, ou não, de redução do intervalo intrajornada via cláusula coletiva.','176','PRE_TEMA');
Insert into JURISPRUDENCIA.TESE (SEQ_TESE,DSC_TESE,NUM_TESE,TIP_TESE) values ('1145','Trata-se de recurso extraordinário com agravo em que se discute, à luz dos arts. 5º, II, 7º, XVI, 8º, III e VI, 37 e 173, § 1º, da Constituição Federal, possibilidade, ou não, de incorporação do pagamento do adicional de 15%, pago em razão de trabalho nos fins de semana, previsto em instrumento coletivo, após a supressão do labor aos sábados. ','574','PRE_TEMA');
Insert into JURISPRUDENCIA.TESE (SEQ_TESE,DSC_TESE,NUM_TESE,TIP_TESE) values ('1095','Recurso extraordinário com agravo em que se discute, à luz dos arts. 5º, II e XXXVI, da Constituição Federal, a possibilidade, ou não, de empresa sucessora ser responsabilizada por danos materiais e morais causados à consumidor da empresa sucedida.','524','PRE_TEMA');

Insert into JURISPRUDENCIA.TESE_ASSUNTO (SEQ_TESE,COD_ASSUNTO) values ('56','10604');
Insert into JURISPRUDENCIA.TESE_ASSUNTO (SEQ_TESE,COD_ASSUNTO) values ('5462','10891');
Insert into JURISPRUDENCIA.TESE_ASSUNTO (SEQ_TESE,COD_ASSUNTO) values ('432','10891');
Insert into JURISPRUDENCIA.TESE_ASSUNTO (SEQ_TESE,COD_ASSUNTO) values ('441','10904');
Insert into JURISPRUDENCIA.TESE_ASSUNTO (SEQ_TESE,COD_ASSUNTO) values ('170','10912');
Insert into JURISPRUDENCIA.TESE_ASSUNTO (SEQ_TESE,COD_ASSUNTO) values ('1147','4291');
Insert into JURISPRUDENCIA.TESE_ASSUNTO (SEQ_TESE,COD_ASSUNTO) values ('313','4291');
Insert into JURISPRUDENCIA.TESE_ASSUNTO (SEQ_TESE,COD_ASSUNTO) values ('170','4291');
Insert into JURISPRUDENCIA.TESE_ASSUNTO (SEQ_TESE,COD_ASSUNTO) values ('1845','4355');
Insert into JURISPRUDENCIA.TESE_ASSUNTO (SEQ_TESE,COD_ASSUNTO) values ('1001','4355');
Insert into JURISPRUDENCIA.TESE_ASSUNTO (SEQ_TESE,COD_ASSUNTO) values ('173','4368');
Insert into JURISPRUDENCIA.TESE_ASSUNTO (SEQ_TESE,COD_ASSUNTO) values ('2722','7928');
Insert into JURISPRUDENCIA.TESE_ASSUNTO (SEQ_TESE,COD_ASSUNTO) values ('1036','7928');
Insert into JURISPRUDENCIA.TESE_ASSUNTO (SEQ_TESE,COD_ASSUNTO) values ('350','7928');
Insert into JURISPRUDENCIA.TESE_ASSUNTO (SEQ_TESE,COD_ASSUNTO) values ('350','7929');
Insert into JURISPRUDENCIA.TESE_ASSUNTO (SEQ_TESE,COD_ASSUNTO) values ('3362','7942');
Insert into JURISPRUDENCIA.TESE_ASSUNTO (SEQ_TESE,COD_ASSUNTO) values ('441','7942');
Insert into JURISPRUDENCIA.TESE_ASSUNTO (SEQ_TESE,COD_ASSUNTO) values ('8162','10952');
Insert into JURISPRUDENCIA.TESE_ASSUNTO (SEQ_TESE,COD_ASSUNTO) values ('3362','3603');
Insert into JURISPRUDENCIA.TESE_ASSUNTO (SEQ_TESE,COD_ASSUNTO) values ('6582','5555');
Insert into JURISPRUDENCIA.TESE_ASSUNTO (SEQ_TESE,COD_ASSUNTO) values ('8243','864');
Insert into JURISPRUDENCIA.TESE_ASSUNTO (SEQ_TESE,COD_ASSUNTO) values ('3342','864');
Insert into JURISPRUDENCIA.TESE_ASSUNTO (SEQ_TESE,COD_ASSUNTO) values ('2962','864');
Insert into JURISPRUDENCIA.TESE_ASSUNTO (SEQ_TESE,COD_ASSUNTO) values ('2582','864');
Insert into JURISPRUDENCIA.TESE_ASSUNTO (SEQ_TESE,COD_ASSUNTO) values ('2582','10568');
Insert into JURISPRUDENCIA.TESE_ASSUNTO (SEQ_TESE,COD_ASSUNTO) values ('1882','10568');
Insert into JURISPRUDENCIA.TESE_ASSUNTO (SEQ_TESE,COD_ASSUNTO) values ('1315','10568');
Insert into JURISPRUDENCIA.TESE_ASSUNTO (SEQ_TESE,COD_ASSUNTO) values ('1160','10568');
Insert into JURISPRUDENCIA.TESE_ASSUNTO (SEQ_TESE,COD_ASSUNTO) values ('1158','10568');
Insert into JURISPRUDENCIA.TESE_ASSUNTO (SEQ_TESE,COD_ASSUNTO) values ('1148','10568');
Insert into JURISPRUDENCIA.TESE_ASSUNTO (SEQ_TESE,COD_ASSUNTO) values ('1067','10568');
Insert into JURISPRUDENCIA.TESE_ASSUNTO (SEQ_TESE,COD_ASSUNTO) values ('1037','10568');
Insert into JURISPRUDENCIA.TESE_ASSUNTO (SEQ_TESE,COD_ASSUNTO) values ('847','10568');
Insert into JURISPRUDENCIA.TESE_ASSUNTO (SEQ_TESE,COD_ASSUNTO) values ('819','10568');
Insert into JURISPRUDENCIA.TESE_ASSUNTO (SEQ_TESE,COD_ASSUNTO) values ('749','10568');
Insert into JURISPRUDENCIA.TESE_ASSUNTO (SEQ_TESE,COD_ASSUNTO) values ('741','10568');
Insert into JURISPRUDENCIA.TESE_ASSUNTO (SEQ_TESE,COD_ASSUNTO) values ('7963','1695');
Insert into JURISPRUDENCIA.TESE_ASSUNTO (SEQ_TESE,COD_ASSUNTO) values ('7104','1695');
Insert into JURISPRUDENCIA.TESE_ASSUNTO (SEQ_TESE,COD_ASSUNTO) values ('3762','1695');
Insert into JURISPRUDENCIA.TESE_ASSUNTO (SEQ_TESE,COD_ASSUNTO) values ('2704','1695');
Insert into JURISPRUDENCIA.TESE_ASSUNTO (SEQ_TESE,COD_ASSUNTO) values ('1852','1695');
Insert into JURISPRUDENCIA.TESE_ASSUNTO (SEQ_TESE,COD_ASSUNTO) values ('1492','1695');
Insert into JURISPRUDENCIA.TESE_ASSUNTO (SEQ_TESE,COD_ASSUNTO) values ('1334','1695');
Insert into JURISPRUDENCIA.TESE_ASSUNTO (SEQ_TESE,COD_ASSUNTO) values ('1155','1695');
Insert into JURISPRUDENCIA.TESE_ASSUNTO (SEQ_TESE,COD_ASSUNTO) values ('1145','1695');
Insert into JURISPRUDENCIA.TESE_ASSUNTO (SEQ_TESE,COD_ASSUNTO) values ('880','1695');
Insert into JURISPRUDENCIA.TESE_ASSUNTO (SEQ_TESE,COD_ASSUNTO) values ('747','1695');
Insert into JURISPRUDENCIA.TESE_ASSUNTO (SEQ_TESE,COD_ASSUNTO) values ('1340','1697');
Insert into JURISPRUDENCIA.TESE_ASSUNTO (SEQ_TESE,COD_ASSUNTO) values ('3342','1937');
Insert into JURISPRUDENCIA.TESE_ASSUNTO (SEQ_TESE,COD_ASSUNTO) values ('1672','1937');
Insert into JURISPRUDENCIA.TESE_ASSUNTO (SEQ_TESE,COD_ASSUNTO) values ('748','1937');
Insert into JURISPRUDENCIA.TESE_ASSUNTO (SEQ_TESE,COD_ASSUNTO) values ('346','1937');
Insert into JURISPRUDENCIA.TESE_ASSUNTO (SEQ_TESE,COD_ASSUNTO) values ('195','2567');
Insert into JURISPRUDENCIA.TESE_ASSUNTO (SEQ_TESE,COD_ASSUNTO) values ('8102','2581');
Insert into JURISPRUDENCIA.TESE_ASSUNTO (SEQ_TESE,COD_ASSUNTO) values ('1886','2581');
Insert into JURISPRUDENCIA.TESE_ASSUNTO (SEQ_TESE,COD_ASSUNTO) values ('1663','2581');
Insert into JURISPRUDENCIA.TESE_ASSUNTO (SEQ_TESE,COD_ASSUNTO) values ('1637','2581');
Insert into JURISPRUDENCIA.TESE_ASSUNTO (SEQ_TESE,COD_ASSUNTO) values ('1460','2581');
Insert into JURISPRUDENCIA.TESE_ASSUNTO (SEQ_TESE,COD_ASSUNTO) values ('1315','2581');
Insert into JURISPRUDENCIA.TESE_ASSUNTO (SEQ_TESE,COD_ASSUNTO) values ('1267','2581');
Insert into JURISPRUDENCIA.TESE_ASSUNTO (SEQ_TESE,COD_ASSUNTO) values ('850','2581');
Insert into JURISPRUDENCIA.TESE_ASSUNTO (SEQ_TESE,COD_ASSUNTO) values ('839','2581');
Insert into JURISPRUDENCIA.TESE_ASSUNTO (SEQ_TESE,COD_ASSUNTO) values ('814','2581');
Insert into JURISPRUDENCIA.TESE_ASSUNTO (SEQ_TESE,COD_ASSUNTO) values ('747','2581');
Insert into JURISPRUDENCIA.TESE_ASSUNTO (SEQ_TESE,COD_ASSUNTO) values ('741','2581');
Insert into JURISPRUDENCIA.TESE_ASSUNTO (SEQ_TESE,COD_ASSUNTO) values ('224','2581');
Insert into JURISPRUDENCIA.TESE_ASSUNTO (SEQ_TESE,COD_ASSUNTO) values ('1781','2620');
Insert into JURISPRUDENCIA.TESE_ASSUNTO (SEQ_TESE,COD_ASSUNTO) values ('1887','2622');
Insert into JURISPRUDENCIA.TESE_ASSUNTO (SEQ_TESE,COD_ASSUNTO) values ('1882','2622');
Insert into JURISPRUDENCIA.TESE_ASSUNTO (SEQ_TESE,COD_ASSUNTO) values ('1781','2622');
Insert into JURISPRUDENCIA.TESE_ASSUNTO (SEQ_TESE,COD_ASSUNTO) values ('1082','2622');
Insert into JURISPRUDENCIA.TESE_ASSUNTO (SEQ_TESE,COD_ASSUNTO) values ('1446','7628');
Insert into JURISPRUDENCIA.TESE_ASSUNTO (SEQ_TESE,COD_ASSUNTO) values ('1526','7639');
Insert into JURISPRUDENCIA.TESE_ASSUNTO (SEQ_TESE,COD_ASSUNTO) values ('516','7639');
Insert into JURISPRUDENCIA.TESE_ASSUNTO (SEQ_TESE,COD_ASSUNTO) values ('1903','899');
Insert into JURISPRUDENCIA.TESE_ASSUNTO (SEQ_TESE,COD_ASSUNTO) values ('1691','10431');
Insert into JURISPRUDENCIA.TESE_ASSUNTO (SEQ_TESE,COD_ASSUNTO) values ('1516','10431');
Insert into JURISPRUDENCIA.TESE_ASSUNTO (SEQ_TESE,COD_ASSUNTO) values ('1322','10431');
Insert into JURISPRUDENCIA.TESE_ASSUNTO (SEQ_TESE,COD_ASSUNTO) values ('1121','10431');
Insert into JURISPRUDENCIA.TESE_ASSUNTO (SEQ_TESE,COD_ASSUNTO) values ('1095','10431');
Insert into JURISPRUDENCIA.TESE_ASSUNTO (SEQ_TESE,COD_ASSUNTO) values ('817','10431');
Insert into JURISPRUDENCIA.TESE_ASSUNTO (SEQ_TESE,COD_ASSUNTO) values ('531','10431');
Insert into JURISPRUDENCIA.TESE_ASSUNTO (SEQ_TESE,COD_ASSUNTO) values ('1903','7681');
Insert into JURISPRUDENCIA.TESE_ASSUNTO (SEQ_TESE,COD_ASSUNTO) values ('1516','7681');
Insert into JURISPRUDENCIA.TESE_ASSUNTO (SEQ_TESE,COD_ASSUNTO) values ('1617','9981');
Insert into JURISPRUDENCIA.TESE_ASSUNTO (SEQ_TESE,COD_ASSUNTO) values ('1354','9981');
Insert into JURISPRUDENCIA.TESE_ASSUNTO (SEQ_TESE,COD_ASSUNTO) values ('771','9981');
Insert into JURISPRUDENCIA.TESE_ASSUNTO (SEQ_TESE,COD_ASSUNTO) values ('452','9981');